{
  "client" :{
      "sectiontitle": "As ",
      "sectiontitle_color": "Seen",
      "short_description":" On",
      "list_item":[
        {
          "image": "img/startup/client/1.svg"
        },        
        {
          "image": "img/startup/client/2.svg"
        },        
        {
          "image": "img/startup/client/3.svg"
        },        
        {
          "image": "img/startup/client/4.svg"
        },        
        {
          "image": "img/startup/client/5.svg"
        },
        {
          "image": "img/startup/client/1.svg"
        }
      ]
  },
  "clientv3" :{
    "sectiontitle": "As Seen On",
    "list_item":[
      { 
        "image": "img/client/1.svg"
      },               
      { 
        "image": "img/client/3.svg"
      },        
      {
        "image": "img/client/4.svg"
      },        
      { 
        "image": "img/client/5.svg"
      }
      
    ]
  },
  "platform_section": {
    "title1": "A flexible cross-border payment solution",
    "span": "expanding its international reach"
  },
  "third_section": {
    "title1": "Servicing a variety of cross-border payment use cases,",
    "span": "while adapting to customer needs"
  },
  "APISection": {
    "title1": "Our remittance API",
    "span": "seamlessly connects customers to a suite of multi-chain payment tools",
    "bottom_text": [
      {
        "main_text": "Robust",
        "p": "Our API architecture follows the latest technologies and code standards to be robust."
      },
      {
        "main_text": "Scalable",
        "p": "Serve millions of users and clients worldwide with an easy integration of our API."
      },
      {
        "main_text": "Secure",
        "p": "Following the latest security standards, tested by time, our API is ready to handle millions of transactions per second."
      }
    ]
    
  },
  "AboutUs": {
    "title": "Our story",
    "subtitle": "SendFriend began its journey as an MIT Sloan-incubated peer-to-peer remittance start-up in 2017. The company launched its initial product - a US-to-Phillipines personal payments platform leveraging RippleNet - in 2018, enjoying some initial success servicing the Phillipine ex-pat community in New Jersey, USA. In late 2019, we pivoted the business model to focus on small and medium-sized enterprise customers requiring a more flexible transparent cost-effective, blockchain-enabled mode of sending payments internationally.",
    "checkBox":[
      {
        "text": "We are alumni of several top fintech start-up incubators"
      },
      {
        "text": "Our team is comprised of international finance experts and innovative technologists"
      },
      {
        "text": "We recently won a grant from a Polish-based EU innovation fund to build next-generation blockchain-based payment solutions for business and consumer customers"
      }
    ],
    "img": "img/man-phone-sendy-1@1x.png"
  },
  "PolandSection":{
    "main_title": "SendFriend Poland",
    "description": "SendFriend Poland sp. z o.o. based in Katowice is carrying out a project co-financed by European Funds entitled \"SendFriend - an innovative system of cross-border transfers based on blockchain technology and AI/ML algorithms\".The aim of the project is to create a global network of international payments, democratizing access to cheaper, fast and personalized payments 24 hours a day."
  },
  "evolution":{
    "title1": "evolution",
    "span": "SendFriend’s",
    "years": [
      {
        "year":"2017"
      },
      {
        "year":"2018"
      },
      {
        "year":"2019"
      },
      {
        "year":"2020"
      },
      {
        "year":"2021"
      }
    ],
    "year_text": [
      {
        "text": "Incorporated in 2017 within the context of MIT Sloan’s Full-time MBA program.  Participated in MIT's delta V NYC summer start-up accelerator"
      },
      {
        "text": "Participated in Barclays’ Techstars accelerator.  Partnered with Ripple to co-develop P2P remittance application. Raised pre-seed round"
      },
      {
        "text": "Launched beta test of P2P remittance platform servicing US-Phillipine corridor. Continued pre-seed funding with 8 Decimal Capital and Knickerbocker Capital."
      },
      {
        "text": "Pivoted business model to focus on business-to-business cross-border remittances. Secured European Union Growth Funds grant to develop B2B technology"
      },
      {
        "text": "Re-launching SendFriend B2B / B2C cross-border remittance platform. Securing new payment infrastructure partners and onboarding initial customers"
      }
    ]
  }
}